original_probabilities,predicted_classes
0.015832599776044638,0
0.04984175379424998,0
0.1460621682906558,0
0.3580410713791543,0
0.6452152711460055,1
0.8556996117003768,1
0.9508262625358741,1
0.9843870904512225,1
0.9951594302604451,1
0.9985104937263688,1
